Name, Approved For,Documentary Category
7 Churches of Revelation: Times of Deception,All Ages,Video
The Matter of Life,18+,Theater
Zero Weeks,Not Approved,Video
The Case for Heaven,All Ages,Theater
Send Proof,All Ages,Movies
Puppy Time,All Ages,Video
Schoolhouse Rocked: The Homeschool Revolution,All Ages,Movies
7 Churches of Revelation: Times of Fire,All Ages,Movies
Boundless Salvation,All Ages,Video
"Hallelujah: Leonard Cohen, a Journey, a Song",12+,Video
Justin Bieber: Never Say Never,All Ages,Movies
Deletes,12+,Video
The Creation Series,All Ages,Video
Bible Quiz,12+,Video
Holy Ghost,12+,Video
Go Far: The Christopher Rush Story,12+,Video
Gardening with Soul,12+,Video
Monkey Kingdom,All Ages,Movies
Startling Proofs: Does God Really Exist?,12+,Video
Bethlehem Year Zero,All Ages,Video
Veil of Tears,12+,Movies
Reunion,12+,Video
19 Kids and Preaching,All Ages,Video
The Reckoning: Remembering the Dutch Resistance,Not Approved,Video
Where Was God? Stories of Hope After the Storm,12+,Video
The Rapture: The Beginning of the End,12+,Video
2012 Prophecy or Panic?,12+,Video
Corrie ten Boom: A Faith Undefeated,All Ages,Video
Gladys Aylward: The Small Woman With A Great God,All Ages,Video
Mama Heidi,12+,Video
Discovering Our Mothers,12+,Video
Beyonce: Baby and Beyond,12+,Video
The Bible’s Greatest Secrets Revealed,All Ages,Video
Its Black Entertainment,12+,Video
Here Comes a Marching Band,All Ages,Video
World Art,All Ages,Video
The Secret Spot,All Ages,Video
Hurricane on the Bayou – IMAX,All Ages,Video
Matt Calvert: Finding Gods Love in the Middle of Loss and Pa...,All Ages,Video
Dinosaurs: Giants of Patagonia – IMAX 3D,All Ages,Movies
Travel the Road: Season 3,12+,Video
Circus Dreams,All Ages,Video
Greatest Miracles on Earth,All Ages,Video
Anne Frank Remembered,12+,Video
MXP: Most Xtreme Primate,All Ages,Video
Aliens of the Deep (IMAX 3D),All Ages,Movies
CS Lewis: Beyond Narnia,12+,Video
Travel with Kids: Hawaii the Islands of Maui and Moloka̵...,All Ages,Video
Sicko,Not Approved,Movies
Interview the Best,All Ages,Video
Martin Luther,All Ages,Video
Opeka,All Ages,Video
A Mighty Fortress is Our God,All Ages,Video
A Wall in Jerusalem,12+,Video
Hope in the Holy Land,18+,Movies
Anthony Bourdain: A Cook’s Tour,All Ages,Video
Nothing but the Truth,All Ages,Video
Fallen Angels & the Paranormal,All Ages,Video
From One Blood,All Ages,Video
The Role of Pastors and Christians in Civil Government,All Ages,Video
All About Cowboys for Kids Part 1,All Ages,Video
African Safari,All Ages,Video
Travel with Kids: The Island of Oahu,All Ages,Video
The Fabric of Time,All Ages,Video
Running the Sahara,12+,Movies
Justin Bieber: Never Say Never,All Ages,Movies
Deletes,12+,Video
The Creation Series,All Ages,Video
Bible Quiz,12+,Video
Holy Ghost,12+,Video
Year in Review: 1951 Sports Newsreel,All Ages,Video
Apocalypse and the End Times,All Ages,Video
Reminisce: The 1940s – 3 Disc Set,All Ages,Video
The Case for Faith,All Ages,Video
Messianic Jews: Why Should I Care,All Ages,Video
The Heavens Declare,All Ages,Video
Heavens Declare: Beyond the Milky Way,All Ages,Video
KJB: The Book That Changed The World,12+,Video
Families of the World (27 DVD Series),All Ages,Video
Catpower,All Ages,Video
Matt Calvert: Finding Gods Love in the Middle of Loss and Pa...,All Ages,Video
Dinosaurs: Giants of Patagonia – IMAX 3D,All Ages,Movies
"X Games,The Movie 3D",All Ages,Movies
Glee: The 3D Concert Movie,Not Approved,Movies
Mindless Behavior: All Around the World,All Ages,Video
One Direction: This is Us,Not Approved,Movies
Get Together Girls,12+,Video
Evolutions Achilles Heels,All Ages,Video
The Sisterhood: Becoming Nuns,12+,Video
Four Blood Moons,12+,Movies
Season of a Lifetime,All Ages,Video
Island of Lemurs: Madagascar,All Ages,Movies
Manny,12+,Video
Evolution vs. God,All Ages,Video
Ink 180,12+,Video
"Islam, the Quran, and Christianity",12+,Video
Dragons or Dinosaurs? Creation or Evolution?,12+,Video
The Gospel of the Antichrist,12+,Video
Count Zinzendorf,12+,Video
Hanged on a Twisted Cross,12+,Video
Mad Hot Ballroom,12+,Video
NWF Kids Pro Wrestling: The Untold Story,12+,Video
Lifes Story 2: The Reason for the Journey,All Ages,Video
Sea Monsters: A Prehistoric Adventure,All Ages,Movies
The Battle of Bunker Hill – America: Her People Her St...,All Ages,Video
The Search for the Real Mt. Sinai,All Ages,Video
How to Answer the Fool (DVD and Study Guide),12+,Video
Noah and the Last Days,12+,Video
Im With Phil,All Ages,Video
The Reality of Noahs Ark,All Ages,Video
For My Country: The History of the National Guards DVD/CD,12+,Video
Champions of Faith,All Ages,Video
Tales of the Road: Highway 61,12+,Video
Bicycle Dreams: The Race Across America,Not Approved,Video
Beasts of the Bible,Not Approved,Video
Search for Noahs Ark: The Lost Mountains of Noah,All Ages,Video
Rise and Shine: The Jay DeMerit Story,All Ages,Video
What is the Electric Car?,All Ages,Video
Buena Vista Social Club,All Ages,Movies
Faces Of Evil,Not Approved,Video
There is More to the Secret,All Ages,Video
Unlocking the Secret,All Ages,Video
The Biblical Dinner,All Ages,Video
Railfans Chasing Trains,All Ages,Video
Against All Odds: Israel Survives,12+,Video
Influence of the Bible,All Ages,Video
Undercover with Persecuted Christians,12+,Video
Behold a Pale Horse: Americas Last Chance,12+,Video
Americas Godly Heritage,All Ages,Video
America Dances 1897-1948,All Ages,Video
You Are Here: A Come From Away Story,18+,Movies
Furious Love,12+,Video
Free Burma Rangers,18+,Movies
Quiet Explosions: Healing the Brain,18+,Video
Beyond Limits,All Ages,Video
How to Videos: How to Make a Chicken Pot Pie,All Ages,Video
The Natural Art of Darren and Linda Combs: Volume 1,12+,Video
Hollywood on Fire,All Ages,Video
Emanuels Gift,All Ages,Video
The Terri Schiavo Story,12+,Video
Bears,All Ages,Movies
America: The Movie,12+,Movies
Americas Railroads: The Steam Train Legacy (6 Disc set),All Ages,Video
Hard Corps,Not Approved,Video
Monkey Kingdom,All Ages,Movies
Startling Proofs: Does God Really Exist?,12+,Video
Bethlehem Year Zero,All Ages,Video
Eric Liddell: Champion of Conviction,All Ages,Video
Blind Courage: Jan Zizka,12+,Video
Zamzam: A Missionary Odyssey,All Ages,Video
Run Baby Run,12+,Video
Weaving Life,12+,Video
Growing Older Gracefully,12+,Video
All About Old McDonald’s Farm,All Ages,Video
Ancient Secrets Of The Bible Vol.3 (episodes 1-13),12+,Video
Jack Hanna’s Wild Countdown – Season 1,All Ages,Video
By War & By God,12+,Video
Babies: A Miracle,All Ages,Video
Balancing the Scales,Not Approved,Video
Helena: First Real Pilgrim of the Holy Land,All Ages,Video
Chaplains,12+,Video
Ocean Mysteries with Jeff Corwin: Season 1,All Ages,Video
"To Joey, with Love",12+,Movies
Revive Us,All Ages,Video
Walking with C.S. Lewis,All Ages,Video
Kirk Cameron – Connect,12+,Movies
"Rick Steves’ Europe, Season 1",All Ages,Video
ISRAEL 70: ISRAEL’S 70th Anniversary GALA Hosted by Pat Bo...,All Ages,Video
Blink of an Eye,All Ages,Movies
Father of Lights,All Ages,Video
Manny,12+,Video
Evolution vs. God,All Ages,Video
Ink 180,12+,Video
"Islam, the Quran, and Christianity",12+,Video
Dragons or Dinosaurs? Creation or Evolution?,12+,Video
The Gospel of the Antichrist,12+,Video
Count Zinzendorf,12+,Video
Hanged on a Twisted Cross,12+,Video
La Mama (English),All Ages,Video
Journeying With Jesus,All Ages,Video
Divorce: A Journey Through the Kids Eyes,All Ages,Video
The Scroll,12+,Video
Beyond Sight,All Ages,Video
Foundations of Freedom (6 disc set),All Ages,Video
Traveling Light (6 DVD Set),12+,Video
Shadow Goverment,12+,Video
Bringing Joshua Home,All Ages,Video
Amish: A People Of Preservation,All Ages,Video
Christianity And Islam,12+,Video
Batkid Begins: The Wish Heard Around the World,All Ages,Movies
Rock Bottom and Back,All Ages,Video
It’s A Miracle Season 4,12+,Video
Along the Road,All Ages,Video
Zig – You Were Born to Win,All Ages,Video
Bethany Hamilton: Unstoppable,All Ages,Movies
Jerusalem (IMAX/Giant Screen Theaters),All Ages,Movies
Blind Eyes Opened,18+,Movies
Colors of Character,12+,Movies
Father of Lights,All Ages,Video
Year in Review: 1960 Sports Newsreel,All Ages,Video
Setting the Record Straight: American History in Black &...,12+,Video
Divorcing God,12+,Video
Music from the Big House,12+,Video
Eyewitness To Jesus,All Ages,Video
Something to Cheer About,All Ages,Video
The Conscientious Objector,Not Approved,Video
The DaVinci Code Deception,All Ages,Video
The Miraculous Mission,All Ages,Video
"Heroes Among Us, Miracles Around Us",12+,Video
Jane Goodalls Wild Chimpanzees-IMAX,All Ages,Movies
17 Kids and Counting,All Ages,Video
The Double Retro: Phantom City,All Ages,Video
Acts of Mercy,12+,Video
Mysteries of the Apocalypse: Are the End of Times Near,12+,Video
Bullrider,12+,Video
The Heart of Texas,12+,Video
The Young Sun,All Ages,Video
Journey to Everest,All Ages,Video
Sarah Palins Alaska,12+,Video
Travel the Road: Season 3,12+,Video
Unstoppable (2013),12+,Movies
Pro Wrestling Kids Style (Book),All Ages,Book
The Star of Bethlehem,All Ages,Video
The Case for Christ,All Ages,Video
Two Rivers,12+,Video
The Indestructible Book: The Story of the Bible (3 disc set)...,All Ages,Video
The Golden Rule: Secrets for Planning your Wedding,12+,Video
The Grandfathers,12+,Video
Dreams & Miracles,All Ages,Video
I Love Toy Trains: All Aboard,All Ages,Video
The Wildlife Docs,All Ages,Video
Hillsong – Let Hope Rise,All Ages,Movies
Born in China,All Ages,Movies
Remote Area Medical,12+,Video
Getting To The Point,All Ages,Video
101 People Who Made the 20th Century – Season 1,12+,Video
They Shall Not Grow Old,18+,Movies
Bombardier Blood,12+,Video
Change the Heart Change the World,All Ages,Video
I Am Patrick: The Patron Saint of Ireland,12+,Movies
Christians in the Mirror,18+,Video
Finger of God,12+,Video
My Beautiful Stutter,12+,Video
Pray: The Story of Father Patrick Peyton,All Ages,Movies
Furious Love,12+,Video
The Double Retro: 1960 Newsreel,All Ages,Video
Biblical Collectors Series Volume 4,All Ages,Video
The Christmas Star: The True Story,12+,Video
Cracking the Code,All Ages,Video
Drive Thru History Series: Early American History,All Ages,Video
Exploring Biblical Jordan,All Ages,Video
GOD? The Almighty Question,12+,Video
"Paul, Apostle of Grace",All Ages,Video
Reflections On The Beatitudes For People With Cancer,All Ages,Video
Samuel Morris: African Missionary to North America,All Ages,Video
So Who Is This Jesus?,All Ages,Video
People of Faith,All Ages,Video
80 Waves,12+,Video
Father Joseph,12+,Video
Born to Explore: Season 1,All Ages,Video
Encounters with the Unexplained: Noahs Ark on Ararat –...,All Ages,Video
Into the Arms of Strangers,12+,Movies
Miracle Pets: Crime Fighters,All Ages,Video
NASCAR (IMAX 3D),All Ages,Movies
Day of Miracles,12+,Video
Roving Mars (IMAX),All Ages,Movies
Miracles in our Midst,12+,Video
The 11th Hour,12+,Movies
Earth,All Ages,Movies
The Undefeated,12+,Video
Age of Champions,12+,Video
Bonhoeffer,12+,Video
The Big Freeze,All Ages,Video
Rock Bottom and Back (DVD),12+,Video
In Our Hands: The Battle for Jerusalem,Not Approved,Movies
I’ll Push You,18+,Video
Breaking the Silence,12+,Video
"Auction, Season 7",All Ages,Video
Modern Day Miracles,12+,Video
A Reindeer’s Journey,12+,Video
Mother India: Life Through the Eyes of the Orphan,Not Approved,Video
To the Arctic,12+,Movies
Music For Mandela,12+,Video
One Generation Away,12+,Video
The Messenger of the Truth,12+,Video
Survival Tips with Manny Edwards – Season 1,All Ages,Video
Biblical Mysteries #1: Ark of the Covenant,12+,Video
Sue Thomas: Nothing but the Truth,All Ages,Video
Every Day Counts: The Chris Lass Story,All Ages,Video
David Suchet – In the Footsteps of St. Peter,All Ages,Video
Every Day Counts: The Chris Lass Story,All Ages,Video
David Suchet – In the Footsteps of St. Peter,All Ages,Video
Exploring Biblical Jordan,All Ages,Video
GOD? The Almighty Question,12+,Video
"Paul, Apostle of Grace",All Ages,Video
Reflections On The Beatitudes For People With Cancer,All Ages,Video
Samuel Morris: African Missionary to North America,All Ages,Video
So Who Is This Jesus?,All Ages,Video
People of Faith,All Ages,Video
80 Waves,12+,Video
Love Free or Die,Not Approved,Video
An Ordinary Hero,12+,Video
Living Hope,12+,Video
Such Were Some of You,Not Approved,Video
Let the Lion Roar,All Ages,Video
The Vetters: All We Needed,12+,Video
Disinformation,Not Approved,Video
Last Days: Hype or Hope?,All Ages,Video
Azusa Street Project,All Ages,Video
Discovering the Bible,All Ages,Video
Healthy Long Life,12+,Video
Baptism is not Enough (DVD/Study Guide),All Ages,Video
"Scenic Videos Collection One: Wind, Water, and Rain",All Ages,Video
Wisconsin Barns: Touchstones to the Past,All Ages,Video
Spellbound,All Ages,Video
The Golden Rules: A Modern Guide to Traditional Engagement,12+,Video
On a Level Playing Field: Vol 1 – Series Introduction,12+,Video
How Will We Love?,12+,Video
Damascus,12+,Video
Honoring a Fathers Dream: Sons of Lwala,All Ages,Video
John Wesley: The Man and His Mission,All Ages,Video
Rivers and Tides: Andy Goldsworthy Working With Time,12+,Video
Valor,12+,Video
A Third Testament: Malcolm Muggeridge,Not Approved,Video
Chaplains,12+,Video
Ocean Mysteries with Jeff Corwin: Season 1,All Ages,Video
"To Joey, with Love",12+,Movies
Revive Us,All Ages,Video
Walking with C.S. Lewis,All Ages,Video
Kirk Cameron – Connect,12+,Movies
Bible Idiots,12+,Video
Bible Land Passages Vol. 1,12+,Video
Stained Glass Rainbows,Not Approved,Video
In Search of Francis of Assisi,12+,Video
Mining for God,All Ages,Video
It’s A Miracle Season 3,12+,Video
Whitney,Not Approved,Movies
The Island of the Monks,12+,Video
Christians in the Mirror,18+,Video
Finger of God,12+,Video
Seasons,All Ages,Video
The Heart of Man,18+,Video
The Real Power of Prayer,All Ages,Video
All Over the Map: Horicon Marsh,All Ages,Video
In Search of Francis of Assisi,12+,Video
Healing the Healers,12+,Video
Linsanity The Movie,12+,Movies
Without Perfect Answers,12+,Video
Before the Wrath,All Ages,Video
17 Kids and Counting,All Ages,Video
How to Answer the Fool (DVD and Study Guide),12+,Video
Noah and the Last Days,12+,Video
Im With Phil,All Ages,Video
The Reality of Noahs Ark,All Ages,Video
Bite Size (iTunes/VOD),12+,Video
The Rabbi Who Found Messiah,All Ages,Video
iGod,12+,Video
The History of Christian Worship: Vol. 1 – 6,All Ages,Video
Charting Christmas,All Ages,Video
Finding Hope In Recovery,12+,Video
God the Father,Not Approved,Movies
Finger of God,12+,Video
Year in Review: 1958 Sports Newsreel,All Ages,Video
Biblical Collectors Series Volume 2,All Ages,Video
The Longevity Secret: Is Noahs Ark the Key to Immortality?,All Ages,Video
Young at Heart,12+,Video
The Bible Explorer Series (3 disc box set),All Ages,Video
Global Warming: A Scientific and Biblical Expose of Climate...,All Ages,Video
Junk Dreams,12+,Video
Flame On,All Ages,Video
Birth of Freedom. The,12+,Video
Road Trip USA,All Ages,Video
Lots & Lots of Jets and Planes Vol. 1 & 2,All Ages,Video
"5,6,7,8",12+,Video
Journey to Jamaa,All Ages,Video
Dogtown and Z-Boys,Not Approved,Movies
Fahrenheit 9/11,Not Approved,Movies
The Wheel of Peace,All Ages,Video
Deep Sea 3D (IMAX),All Ages,Video
Historical Perspective: The John Glenn Story,All Ages,Video
Wordplay,12+,Movies
Travel With Kids-Hawaii: The Island of Kauai,All Ages,Video
We Are Together,12+,Video
Waiting for Superman,12+,Movies
Secret Garden of Beauties,All Ages,Video
Season of a Lifetime,All Ages,Video
Island of Lemurs: Madagascar,All Ages,Movies
Manny,12+,Video
Evolution vs. God,All Ages,Video
Ink 180,12+,Video
Miracles in our Midst,12+,Video
The 11th Hour,12+,Movies
Earth,All Ages,Movies
The Undefeated,12+,Video
Mother India: Life Through the Eyes of the Orphan,Not Approved,Video
To the Arctic,12+,Movies
Music For Mandela,12+,Video
One Generation Away,12+,Video
The Messenger of the Truth,12+,Video
Survival Tips with Manny Edwards – Season 1,All Ages,Video
"Rick Steves’ Europe, Season 2",All Ages,Video
Salt and Light: The Miracle in Hollywood,12+,Video
You Are Here: A Come From Away Story,18+,Movies
Furious Love,12+,Video
Free Burma Rangers,18+,Movies
Quiet Explosions: Healing the Brain,18+,Video
Beyond Limits,All Ages,Video
How to Videos: How to Make a Chicken Pot Pie,All Ages,Video
The Natural Art of Darren and Linda Combs: Volume 1,12+,Video
Hollywood on Fire,All Ages,Video
Truth Prevails: The Undying Faith Of Jan Hus,All Ages,Video
Picasso and Braque Go To the Movies,12+,Video
Bible Idiots,12+,Video
Bible Land Passages Vol. 1,12+,Video
Stained Glass Rainbows,Not Approved,Video
In Search of Francis of Assisi,12+,Video
Mining for God,All Ages,Video
It’s A Miracle Season 3,12+,Video
Whitney,Not Approved,Movies
The Island of the Monks,12+,Video
Gift Of Hope: The Tony Melendez Story,All Ages,Video
Letters to an Unknown Daughter,All Ages,Video
Journey Into The Unknown,All Ages,Video
Mama Luka Comes Home,12+,Video
Our People: The Remarkable Story Of William and Catherine Bo...,All Ages,Video
Soldiers Of The Pope,12+,Video
The Third Day,All Ages,Video
BlueGreen,12+,Other
Let’s Have Some Church Detroit Style,12+,Video
"Affectionately Yours, Screwtape: The Devil and C.S. Lewis",12+,Video
What is the Electric Car?,All Ages,Video
Condo Painting,Not Approved,Movies
Eyes of Tammy Faye,Not Approved,Movies
Construction Zone,All Ages,Video
George W. Bush: Faith in the White House,All Ages,Video
Four Centuries of American Education,All Ages,Video
Portrait of Courage: The Untold Story of Flight 93,12+,Video
March of the Penguins (A Seven Minute Short),All Ages,Video
Vince Vaughns Wild West Comedy Show,Not Approved,Movies
Oceans,All Ages,Movies
Refracted Glory,All Ages,Video
The Free Speech Apocalypse,Not Approved,Video
Elementary Prayers,All Ages,Video
The Moo Man,12+,Video
Angels in Disguise – The Complete Documentary Series,All Ages,Video
Alien Intrusion: Unmasking a Deception,All Ages,Video
The Riot and the Dance,All Ages,Movies
"Rick Steves’ Europe, Season 2",All Ages,Video
Salt and Light: The Miracle in Hollywood,12+,Video
You Are Here: A Come From Away Story,18+,Movies
Anne Frank Remembered,12+,Video
America Dances 1897-1948,All Ages,Video
Breaking the DaVinci Code,All Ages,Video
Twelve Ordinary Men,All Ages,Video
The Magic of Flight (IMAX),All Ages,Movies
Arctic Tale,12+,Movies
Fuel,12+,Movies
Born to be Wild,All Ages,Movies
Brooklyn Castle,12+,Video
Incredible Creatures that Defy Evolution 3,All Ages,Video
End Times Eyewitness,12+,Video
Vivan Las Antipodas,All Ages,Video
Assisi in Silence,12+,Video
Cancer Stories,All Ages,Video
Father Placido Cortese: The Courage of Silence,12+,Video
Hildegard,All Ages,Video
"Jerusalem, The Covenant City",All Ages,Video
Long Road Back,12+,Video
Opus Dei: Decoding God’s Work,12+,Video
"Seeds, Dirt, Fruit",All Ages,Video
Deep Sea 3D (IMAX),All Ages,Video
Historical Perspective: The John Glenn Story,All Ages,Video
Sputnik Mania,All Ages,Movies
This Is It,Not Approved,Movies
Katy Perry: Part of Me,Not Approved,Movies
Emancipation Revelation Revolution,12+,Video
Krusing America,All Ages,Video
Weathering the Storm,12+,Video
James Camerons Deepsea Challenge,12+,Movies
Rockin the Wall,12+,Video
Ready Set Bag,12+,Video
Church: The Movie,12+,Video
Rescued,All Ages,Video
"Dr. Martin Luther King, Jr.: A Historical Perspective",12+,Video
Ancient Secrets Of The Bible Vol. 1 (Episodes 1-13),12+,Video
Mysteries of Egypt (IMAX),All Ages,Movies
The Crocodile Hunter: Collision Course,All Ages,Movies
The Evidence for Heaven,All Ages,Video
Baby Aggie,All Ages,Video
Travel with Kids: Caribbean,All Ages,Video
Modern Day Miracles,12+,Video
A Reindeer’s Journey,12+,Video
The Blue Ridge Parkway: A Long and Winding Road,All Ages,Video
Jump Shot: The Kenny Sailors Story,All Ages,Video
Healthy Long Life,12+,Video
Without Perfect Answers,12+,Video
Scenic Videos Collection One: Starburst Sunrise,All Ages,Video
Jesus: Divine or Da Vinci?,All Ages,Video
Dandy Kids,All Ages,Video
Hearing Everett: The Rancho Sordo Mudo Story,All Ages,Video
"Inconvenient Truth, An",All Ages,Movies
Travel With Kids-Hawaii: The Big Island,All Ages,Video
The Little Red Truck,All Ages,Video
I Want Your Money,12+,Movies
Away To Me,12+,Video
Out of the Darkness,12+,Video
Irreplaceable,12+,Movies
God Came Near (6 DVD Set),All Ages,Video
Separation of Church and State?,All Ages,Video
The Lying Machine,Not Approved,Video
How to Answer the Fool (DVD and Study Guide),12+,Video
Noah and the Last Days,12+,Video
Im With Phil,All Ages,Video
The Reality of Noahs Ark,All Ages,Video
Bite Size (iTunes/VOD),12+,Video
The Rabbi Who Found Messiah,All Ages,Video
iGod,12+,Video
The History of Christian Worship: Vol. 1 – 6,All Ages,Video
Charting Christmas,All Ages,Video
Finding Hope In Recovery,12+,Video
In the Steps of Moses,All Ages,Video
John Bunyan: Journey of a Pilgrim,All Ages,Video
Making Choices,12+,Video
Our Fascinating Universe,All Ages,Video
Shadow Voices: Finding Hope in Mental Illness,All Ages,Video
Shortest Way Home: C.S. Lewis & Mere Christianity,All Ages,Video
Meet the Patels,12+,Video
Secrets of the Bible Code Revealed,12+,Video
The Neighborhood,Not Approved,Video
Coast Guard Alaska – Season 1,12+,Video
Year in Review: 1958 Sports Newsreel,All Ages,Video
Biblical Collectors Series Volume 2,All Ages,Video
The Longevity Secret: Is Noahs Ark the Key to Immortality?,All Ages,Video
Young at Heart,12+,Video
The Bible Explorer Series (3 disc box set),All Ages,Video
Global Warming: A Scientific and Biblical Expose of Climate...,All Ages,Video
Junk Dreams,12+,Video
Flame On,All Ages,Video
Setting the Record Straight: American History in Black &...,12+,Video
Divorcing God,12+,Video
Linsanity The Movie,12+,Movies
Scenic Videos Collection Two: Amazing Grace,All Ages,Video
Commitment and Sacrifice,12+,Video
For My Country: The History of the National Guards DVD/CD,12+,Video
Champions of Faith,All Ages,Video
Tales of the Road: Highway 61,12+,Video
Bicycle Dreams: The Race Across America,Not Approved,Video
Beasts of the Bible,Not Approved,Video
Search for Noahs Ark: The Lost Mountains of Noah,All Ages,Video
Rise and Shine: The Jay DeMerit Story,All Ages,Video
Damascus,12+,Video
Honoring a Fathers Dream: Sons of Lwala,All Ages,Video
Three Hearts,12+,Video
Mahalia Jackson: The Power and The Glory,12+,Video
From One Blood,All Ages,Video
The Role of Pastors and Christians in Civil Government,All Ages,Video
Mad Hot Ballroom,12+,Video
NWF Kids Pro Wrestling: The Untold Story,12+,Video
Lifes Story 2: The Reason for the Journey,All Ages,Video
Sea Monsters: A Prehistoric Adventure,All Ages,Movies
The Undefeated,12+,Video
Mother India: Life Through the Eyes of the Orphan,Not Approved,Video
To the Arctic,12+,Movies
Music For Mandela,12+,Video
One Generation Away,12+,Video
The Messenger of the Truth,12+,Video
Survival Tips with Manny Edwards – Season 1,All Ages,Video
Biblical Mysteries #1: Ark of the Covenant,12+,Video
Sue Thomas: Nothing but the Truth,All Ages,Video
Every Day Counts: The Chris Lass Story,All Ages,Video
Sue Thomas: Breaking the Sound Barrier,All Ages,Video
The Whole Gritty City,Not Approved,Video
An Empire Conquered,12+,Video
For One English Officer,12+,Video
Dietrich Bonhoeffer: Memories And Perspectives,12+,Video
Patrick,All Ages,Video
Reflections On The Lord’s Prayer For People With Cance...,All Ages,Video
John Wesley: The Faith That Sparked the Methodist Movement,All Ages,Video
Monica and David,All Ages,Video
Truth Prevails: The Undying Faith Of Jan Hus,All Ages,Video
Furious Love,12+,Video
Kipuka: An Anti-bullying Project,12+,Video
Tell My Story,12+,Video
Jerusalem (IMAX/Giant Screen Theaters),All Ages,Movies
End Times: How Close are We?,All Ages,Video
The Case for Christs Resurrection,All Ages,Video
Travel the Road: Season 2,12+,Video
U.W.O: The Final Documentary,All Ages,Video
The American Heritage Series – Vol 1 -10 (Box Set),All Ages,Video
The Golden Rule: Secrets of Marriage from Couples Married 50...,12+,Video
Disinformation,Not Approved,Video
Last Days: Hype or Hope?,All Ages,Video
Azusa Street Project,All Ages,Video
Discovering the Bible,All Ages,Video
Adventures In Retirement,All Ages,Video
More than Chocolate and Cheese,All Ages,Video
Picture Perfect Jesus,12+,Video
Mission On Everest: A Divine Appointment,All Ages,Video
Pax Service: An Alternative To War,All Ages,Video
Waging Peace,12+,Video
The Last Pope,12+,Video
The Rapture: The Beginning of the End,12+,Video
2012 Prophecy or Panic?,12+,Video
Corrie ten Boom: A Faith Undefeated,All Ages,Video
Gladys Aylward: The Small Woman With A Great God,All Ages,Video
Mama Heidi,12+,Video
Journey Toward Forgiveness,12+,Video
William Tyndale: Man With A Mission,12+,Video
Perpetua: Early Church Martyr,12+,Video
The Story of Amy Carmichael and the Dohnavur Fellowship,All Ages,Video
Finger of God,12+,Video
My Beautiful Stutter,12+,Video
Pray: The Story of Father Patrick Peyton,All Ages,Movies
Furious Love,12+,Video
The Double Retro: 1960 Newsreel,All Ages,Video
Biblical Collectors Series Volume 4,All Ages,Video
The Christmas Star: The True Story,12+,Video
Cracking the Code,All Ages,Video
Drive Thru History Series: Early American History,All Ages,Video
The Road Less Traveled,All Ages,Video
Lifes Story 2: The Reason for the Journey,All Ages,Video
Sea Monsters: A Prehistoric Adventure,All Ages,Movies
The Battle of Bunker Hill – America: Her People Her St...,All Ages,Video
The Search for the Real Mt. Sinai,All Ages,Video
How to Answer the Fool (DVD and Study Guide),12+,Video
Noah and the Last Days,12+,Video
Im With Phil,All Ages,Video
The Reality of Noahs Ark,All Ages,Video
Bite Size (iTunes/VOD),12+,Video
The Rabbi Who Found Messiah,All Ages,Video
Royal Family Kids Camp: Menlo Park Presbyterian Church,All Ages,Video
No End in Sight,Not Approved,Movies
Capitalism: A Love Story,Not Approved,Movies
Being Elmo,12+,Movies
Race for Glory,All Ages,Video
Justin Bieber: Believe,12+,Movies
"I Do, I Don’t",12+,Video
Fight Church,Not Approved,Video
Little Hope Was Arson,12+,Video
Trapped In Hitlers Hell,12+,Video
Racing to the End of Time,12+,Video
Bartholomew’s Gift,All Ages,Video
Encounter at the Summit Cross,All Ages,Video
African Christianity Rising,12+,Video
Points of Light,All Ages,Video
Gospel Of Judas And Other Gnostic Secrets Revealed,12+,Video
My Journey to Life: On the Trail of Celtic Saints,All Ages,Video
Richard and Sabina Wurmbrand,12+,Video
Wannsee Conference,12+,Video
Pedal-Driven,12+,Video
The Heart of Texas,12+,Video
The Young Sun,All Ages,Video
Journey to Everest,All Ages,Video
Sarah Palins Alaska,12+,Video
Travel the Road: Season 3,12+,Video
Circus Dreams,All Ages,Video
Greatest Miracles on Earth,All Ages,Video
Anne Frank Remembered,12+,Video
MXP: Most Xtreme Primate,All Ages,Video
Aliens of the Deep (IMAX 3D),All Ages,Movies
Serving Loving Living,All Ages,Video
Search for Mt. Sinai: Mountain of Fire,All Ages,Video
Freedom Fighter,12+,Video
Between Heaven and Ground Zero,Not Approved,Video
Buena Vista Social Club,All Ages,Movies
Faces Of Evil,Not Approved,Video
Bugs! (IMAX 3D),All Ages,Movies
"Power, Passion and Glory",All Ages,Video
March of the Penguins,All Ages,Movies
The Exodus Decoded,All Ages,Video
Prop Culture,All Ages,Video
A Sacred Journey,12+,Video
Hope for Hurting Hearts,12+,Video
"Heros Love, A: The Daniel Unger Story",12+,Video
The Final Frontier: Near Death Experience,12+,Video
Travel the Road: Season 1,12+,Video
The Christian Survival Film,All Ages,Video
Knut and Friends,All Ages,Video
One Peace at A Time,12+,Video
Living in the Time of Jesus- 3 Episodes,All Ages,Video
Hard Corps,Not Approved,Video
Monkey Kingdom,All Ages,Movies
Startling Proofs: Does God Really Exist?,12+,Video
Bethlehem Year Zero,All Ages,Video
Eric Liddell: Champion of Conviction,All Ages,Video
Blind Courage: Jan Zizka,12+,Video
Zamzam: A Missionary Odyssey,All Ages,Video
A Light In The Darkness,12+,Video
Steve Saint: The Jungle Missionary,All Ages,Video
Robber Of The Cruel Streets: George Muller,12+,Video
Eye of the Future,All Ages,Video
Refracted Glory,All Ages,Video
The Free Speech Apocalypse,Not Approved,Video
Elementary Prayers,All Ages,Video
The Moo Man,12+,Video
Angels in Disguise – The Complete Documentary Series,All Ages,Video
Alien Intrusion: Unmasking a Deception,All Ages,Video
The Riot and the Dance,All Ages,Movies
"Rick Steves’ Europe, Season 2",All Ages,Video
Salt and Light: The Miracle in Hollywood,12+,Video
One Peace at A Time,12+,Video
Living in the Time of Jesus- 3 Episodes,All Ages,Video
Search for The Ark of the Covenant: The Mystery of the Ark o...,All Ages,Video
Life After Abortion,12+,Video
Tim Tebow: On a Mission,All Ages,Video
The Bible’s Greatest Miracles,All Ages,Video
Was Justice Denied?,12+,Video
Olympic Winter Games: Moments of Glory,All Ages,Video
Pilgrimages of Europe,All Ages,Video
Magnificent Desolation: Walking on the Moon 3D,All Ages,Movies
The DaVinci Code Deception,All Ages,Video
The Miraculous Mission,All Ages,Video
"Heroes Among Us, Miracles Around Us",12+,Video
Jane Goodalls Wild Chimpanzees-IMAX,All Ages,Movies
Under the Sea – 3D,All Ages,Movies
African Cats,All Ages,Movies
How to Live Out of a Dream,All Ages,Video
Chimpanzee,All Ages,Movies
Happy: The Movie,12+,Video
Humble Beauty: Skid Row Artists,12+,Video
Padre Pio Sanctus,All Ages,Video
The Park,Not Approved,Video
"Inconvenient Truth, An",All Ages,Movies
Travel With Kids-Hawaii: The Big Island,All Ages,Video
The Little Red Truck,All Ages,Video
I Want Your Money,12+,Movies
Away To Me,12+,Video
Out of the Darkness,12+,Video
Irreplaceable,12+,Movies
God Came Near (6 DVD Set),All Ages,Video
Unlocking the Secret,All Ages,Video
The Biblical Dinner,All Ages,Video
Railfans Chasing Trains,All Ages,Video
Against All Odds: Israel Survives,12+,Video
Influence of the Bible,All Ages,Video
Undercover with Persecuted Christians,12+,Video
Behold a Pale Horse: Americas Last Chance,12+,Video
Americas Godly Heritage,All Ages,Video
America Dances 1897-1948,All Ages,Video
Breaking the DaVinci Code,All Ages,Video
Embracing Aging,All Ages,Video
Ground Operations: Battlefields to Farmfields,12+,Video
Coast Guard Alaska – Season 2,12+,Video
Amazonia,All Ages,Video
Steve McQueen: An American Icon,All Ages,Video
Genesis: Paradise Lost,All Ages,Movies
Daniel Unsealed,All Ages,Video
The Physical Risks of Abortion and Informed Consent: For a T...,All Ages,Video
Kingdom Men Rising,12+,Video
Change the Heart Change the World,All Ages,Video
A Brave Heart: The Lizzie Velasquez Story,12+,Video
Pet Channel Brasil,All Ages,Video
Hesburgh,12+,Other
Without Perfect Answers,12+,Video
The Blue Ridge Parkway: A Long and Winding Road,All Ages,Video
Be Careful What You Wish For,All Ages,Video
Backs Against The Wall: The Howard Thurman Story,All Ages,Video
Unstoppable (2013),12+,Movies
Pro Wrestling Kids Style (Book),All Ages,Book
The Star of Bethlehem,All Ages,Video
The Grandfathers,12+,Video
Dreams & Miracles,All Ages,Video
I Love Toy Trains: All Aboard,All Ages,Video
What God Hath Wrought,12+,Video
Keys To Good Government: Foundations of American Government,All Ages,Video
The Life and Times of Hank Greenberg,All Ages,Movies
Stanley Kubrick – A Life in Pictures,Not Approved,Movies
Tupac: Resurrection,Not Approved,Movies
All About John Deere Part 1,All Ages,Video
Beyond the Gates of Splendor,12+,Video
Furious Love,12+,Video
Father of Lights,All Ages,Video
Prop Culture,All Ages,Video
A Sacred Journey,12+,Video
Hope for Hurting Hearts,12+,Video
"Heros Love, A: The Daniel Unger Story",12+,Video
The Final Frontier: Near Death Experience,12+,Video
Travel the Road: Season 1,12+,Video
The Christian Survival Film,All Ages,Video
Knut and Friends,All Ages,Video
Kingdom Men Rising,12+,Video
Change the Heart Change the World,All Ages,Video
Furious Love,12+,Video
Kipuka: An Anti-bullying Project,12+,Video
Tell My Story,12+,Video
Jerusalem (IMAX/Giant Screen Theaters),All Ages,Movies
End Times: How Close are We?,All Ages,Video
The Case for Christs Resurrection,All Ages,Video
Travel the Road: Season 2,12+,Video
U.W.O: The Final Documentary,All Ages,Video
The Little Red Truck,All Ages,Video
I Want Your Money,12+,Movies
Away To Me,12+,Video
Out of the Darkness,12+,Video
Irreplaceable,12+,Movies
God Came Near (6 DVD Set),All Ages,Video
Separation of Church and State?,All Ages,Video
The Lying Machine,Not Approved,Video
The Isaiah 9:10 Judgment,12+,Video
Final Warning,12+,Video
Disinformation,Not Approved,Video
Last Days: Hype or Hope?,All Ages,Video
Azusa Street Project,All Ages,Video
Discovering the Bible,All Ages,Video
Adventures In Retirement,All Ages,Video
More than Chocolate and Cheese,All Ages,Video
Picture Perfect Jesus,12+,Video
Mission On Everest: A Divine Appointment,All Ages,Video
Pax Service: An Alternative To War,All Ages,Video
Waging Peace,12+,Video
The Third Day,All Ages,Video
BlueGreen,12+,Other
Let’s Have Some Church Detroit Style,12+,Video
"Affectionately Yours, Screwtape: The Devil and C.S. Lewis",12+,Video
Chasing American Legends,All Ages,Video
Investigating the Historical Jesus,All Ages,Video
"Unlocked: The World of Games, Revealed",12+,Video
Operation Dynamo,All Ages,Video
Dreams & Memories of Where the Red Fern Grows,All Ages,Video
The Emotional Risks of Abortion,All Ages,Video
Roadmap Jerusalem,All Ages,Video
The Blue Ridge Parkway: A Long and Winding Road,All Ages,Video
Change the Heart Change the World,All Ages,Video
Harriet Tubman — They Called Her Moses,All Ages,Video
"Children of Abraham, season 1",All Ages,Video
Gifts Of An Eagle,All Ages,Video
Crowned Heads Of The Wilderness,All Ages,Video
Little Duck Tale,All Ages,Video
Tribute To Ronald Reagan,All Ages,Video
Museum City Videos:Venice,All Ages,Video
Audubons Bear Adventures,All Ages,Video
Untold Stories Of WWII,All Ages,Video
Animal Antics Autumn,All Ages,Video
Puerto Rico: I Love Your Face,All Ages,Video
The Unknown Peter Sellers,All Ages,Video
Animals are People Too! Vol. 2,All Ages,Video
Over America,All Ages,Network
Babe Ruth Remembered,All Ages,Video
Marines…A Few Good Women,All Ages,Video
13 Days in the Life of Picasso,12+,Video
Century That Made America Great-Vol. I,All Ages,Video
Intimate Strangers: Unseen Life on Earth,All Ages,Video
For All Mankind,All Ages,Video
For All Mankind: The Secret of Thomas Edison,All Ages,Video
How to Dance Through Time Volume IV,All Ages,Video
Love Is Not A Luxury,All Ages,Video
American Flyer,All Ages,Video
Amazing Music-Families Of Orch.,All Ages,Video
Computer Animation Festival-2.0,All Ages,Video
Nature Of The Holy Land,All Ages,Video
Behind the Scenes with Nancy Graves,All Ages,Video
National Geographic: Treasures of the Deep,All Ages,Video
In God We Trust Volume 1,All Ages,Video
Animals are People Too! Vol. 4,All Ages,Video
Jesus “Who Do Men Say That I Am?”,All Ages,Video
A Song For Grandmother,All Ages,Video
Amazing Music-Jazz,All Ages,Video
Behind The Scenes Vol. 1,All Ages,Video
Secret Agents:The Heart Of The CIA,All Ages,Video
Audubons Alligator and Crocodile Adv.,All Ages,Video
Gifts Of An Eagle,All Ages,Video
Crowned Heads Of The Wilderness,All Ages,Video
Little Duck Tale,All Ages,Video
Tribute To Ronald Reagan,All Ages,Video
Museum City Videos:Venice,All Ages,Video
Champion Acrobats: Flying Lotus,All Ages,Video
Tigers Of The Snow,All Ages,Video
Story of Yosemite,All Ages,Video
Driving Force,All Ages,Video
Directors: Barbara Streisand,All Ages,Video
Norman Rockwell: Painting America,All Ages,Video
Behind the Scenes with Nancy Graves,All Ages,Video
National Geographic: Treasures of the Deep,All Ages,Video
In God We Trust Volume 1,All Ages,Video
Animals are People Too! Vol. 4,All Ages,Video
Jesus “Who Do Men Say That I Am?”,All Ages,Video
A Song For Grandmother,All Ages,Video
Amazing Music-Jazz,All Ages,Video
Behind The Scenes Vol. 1,All Ages,Video
Secret Agents:The Heart Of The CIA,All Ages,Video
13 Days in the Life of Picasso,12+,Video
Story Of Amer. Classic Ballparks,All Ages,Video
Millennium Fears:Fact Or Fiction,All Ages,Video
Audubons Bat Adventures,All Ages,Video
Battle For Midway,All Ages,Video
Behind the Scenes with Allen Toussaint,All Ages,Video
Cirque Du Soleil: Quidam,All Ages,Video
National Geographic: Destination Space,All Ages,Video
Tommy James and the Shondells: Live at the Bitter End,All Ages,Video
Animals are People Too! Vol. 1,All Ages,Video
13 Days in the Life of Picasso,12+,Video
Story Of Amer. Classic Ballparks,All Ages,Video
Millennium Fears:Fact Or Fiction,All Ages,Video
Audubons Bat Adventures,All Ages,Video
Battle For Midway,All Ages,Video
Behind the Scenes with Allen Toussaint,All Ages,Video
Cirque Du Soleil: Quidam,All Ages,Video
National Geographic: Destination Space,All Ages,Video
Tommy James and the Shondells: Live at the Bitter End,All Ages,Video
Animals are People Too! Vol. 1,All Ages,Video
Moms:A Celebration Of Real Mothers,All Ages,Video
Audubons Bear Adventures,All Ages,Video
Untold Stories Of WWII,All Ages,Video
Animal Antics Autumn,All Ages,Video
Puerto Rico: I Love Your Face,All Ages,Video
The Unknown Peter Sellers,All Ages,Video
Animals are People Too! Vol. 2,All Ages,Video
Over America,All Ages,Network
Babe Ruth Remembered,All Ages,Video
Marines…A Few Good Women,All Ages,Video
Foundations Of American Govt.,All Ages,Video
"Real Girls, Real Sports",All Ages,Video
Natures Fury,All Ages,Video
Kids and Animals: A Healing Partnership,All Ages,Video
Whales: An Unforgettable Journey,All Ages,Video
National Geographic: Lost Ships of the Mediterranean,All Ages,Video
The Lost Wooden Synagogues of Eastern Europe,All Ages,Video
Orson Welles: One-Man Band,Not Approved,Network
Prison To Praise,All Ages,Video
Mahalia Jackson,All Ages,Video
Behind The Scenes Vol. 2,All Ages,Video
Behind The Scenes Vol. 3,All Ages,Video
Michelangelo and The Sistine Chapel,All Ages,Video
Audubons Wolf Adventures,All Ages,Video
Heroes A Triumph Of Spirit,All Ages,Video
Super Structures: The Kansai International Airport,All Ages,Video
Super Structures: Grasberg Mine,All Ages,Video
The Unknown Marx Brothers,All Ages,Video
In God We Trust Volume 3,All Ages,Video
Animals are People Too! Vol. 5,All Ages,Video
National Geographic: Australias Kangaroos,All Ages,Video
Louis Jordan and the Tympany Five,All Ages,Video
Wolves: A Legend Returns to Yellowstone,All Ages,Video
Sex and Love Whats A Teenager To Do?,All Ages,Video
Kangaroos—Faces In The Mob,All Ages,Video
Rocky Mountain King,All Ages,Video
Amish Values and Virtues,All Ages,Video
Endurance,All Ages,Theater
Audubons Eagle Adventures,All Ages,Video
Lost Fleet Of Guadalcanal,All Ages,Video
Museum City Videos:Venice,All Ages,Video
Champion Acrobats: Flying Lotus,All Ages,Video
Tigers Of The Snow,All Ages,Video
Story of Yosemite,All Ages,Video
Driving Force,All Ages,Video
Directors: Barbara Streisand,All Ages,Video
Blue Angels,All Ages,Video
World Of The Koala,All Ages,Video
In The Company Of Whales,All Ages,Video
Staying At A Lighthouse,All Ages,Video
National Geographic: Australias Kangaroos,All Ages,Video
Louis Jordan and the Tympany Five,All Ages,Video
Wolves: A Legend Returns to Yellowstone,All Ages,Video
Sex and Love Whats A Teenager To Do?,All Ages,Video
Kangaroos—Faces In The Mob,All Ages,Video
Rocky Mountain King,All Ages,Video
Amish Values and Virtues,All Ages,Video
Endurance,All Ages,Theater
Audubons Eagle Adventures,All Ages,Video
Lost Fleet Of Guadalcanal,All Ages,Video
For All Mankind: The Secret of Thomas Edison,All Ages,Video
How to Dance Through Time Volume IV,All Ages,Video
Dodgers On-Line,All Ages,Video
First Breath: Cradle In The Sea,All Ages,Video
Dream Quest:Jet Pilots,All Ages,Video
Countdown To Armageddon,All Ages,Video
Education and The Founding Fathers,All Ages,Video
New York-1st City Of The World,All Ages,Video
Audubons Puffin Adventures,All Ages,Video
Century That Made America Great-Vol. 2,All Ages,Video
Lions Kingdom,All Ages,Network
Sunset Parade; For Those Who Gave All,All Ages,Video
Attitude Is Everything!,All Ages,Video
Museum City Videos:Vatican City,All Ages,Video
Audubons Dolphin Adventures,All Ages,Video
New York-Episode 1: 1609-1825,All Ages,Video
National Geographic Photographers,All Ages,Video
Animal Antics Summer,All Ages,Video
The Eruption of Mount St. Helens,All Ages,Video
Behind the Scenes with Robert Gil de Montes,All Ages,Video
Relieving Headaches,All Ages,Video
Museum City Videos:Barcelona,All Ages,Video
Spirit Of The American Revolution,All Ages,Video
Life Begins: Conception To Birth,All Ages,CD-ROM
"Mr. Death: The Rise And Fall Of Fred A. Leuchter, Jr.",Not Approved,Theater
Animal Antics Series,All Ages,Video
Ring of Fire,All Ages,Video
The Greatest Places,All Ages,Video
National Geographic: The Secret Life of Cats,All Ages,Video
Doc Koms Surf Shop,All Ages,Video
The Great Barrier Reef,All Ages,Video
How To Prepare Your Family For Y2K,All Ages,Video
Audubons Eagle Adventures,All Ages,Video
Lost Fleet Of Guadalcanal,All Ages,Video
Norman Rockwell: Painting America,All Ages,Video
Behind the Scenes with Nancy Graves,All Ages,Video
National Geographic: Treasures of the Deep,All Ages,Video
In God We Trust Volume 1,All Ages,Video
Animals are People Too! Vol. 4,All Ages,Video
Sex and Love Whats A Teenager To Do?,All Ages,Video
